,region,wri_category,vulnerability_category,susceptibility_category,wri,exposure,vulnerability,susceptibility,lack_of_coping_capabilities,lack_of_adaptive_capacities,year,exposure_Sklearn,vulnerability_categorymap,susceptibility_categorymap,wri_categorymap
0,vanuatu,Very High,High,High,1.6406751871646796,56.33,0.8012525867378264,0.7927082417314734,0.5415563239102934,0.9262423088436044,2011.0,0.5637583892617449,4,4,5
1,tonga,Very High,Medium,Medium,1.2925697980405444,56.04,0.3764592288482913,0.0305277472364494,0.707654887161164,0.1857358153666768,2011.0,0.560853450866473,3,3,5
2,philippines,Very High,High,High,0.7251103280984613,45.09,0.5520866252873455,0.5928682340285099,0.773824233496877,0.1066605947061817,2011.0,0.4511669838725834,4,4,5
3,solomon islands,Very High,Very High,High,0.6285468468688212,36.4,1.475211906077841,1.4405616620522437,0.9878618129705604,1.7318211193223976,2011.0,0.3641190023039166,5,4,5
4,guatemala,Very High,High,High,0.3150135683083841,38.42,0.5884233279988741,0.6272593051215778,0.4396015147603682,0.5893489208212868,2011.0,0.3843534007813282,4,4,5
5,bangladesh,Very High,Very High,High,-0.093891049738117,27.52,1.372257915061844,1.5195681767255085,1.024322473196361,1.3224421123612933,2011.0,0.2751677852348993,5,4,5
6,east timor,Very High,Very High,Very High,-0.093891049738117,25.97,1.6975579202888609,2.212966529034396,1.2046001820905992,1.4179913373260578,2011.0,0.2596413903636181,5,5,5
7,costa rica,Very High,Low,Low,-0.1785331135319993,42.39,-0.6963386607301668,-0.6182551614922417,-0.5353835475740126,-0.7887015392308815,2011.0,0.4241210057097065,2,2,5
8,cambodia,Very High,High,High,-0.1976073814292122,26.66,1.2658432856923685,1.8281583281552007,1.0202712887268284,0.7491467625727042,2011.0,0.2665531403385756,4,4,5
9,el salvador,Very High,Medium,Medium,-0.2083366571213944,32.18,0.3193586960158898,0.1801753809116919,0.2721525566863191,0.4204903767025215,2011.0,0.3218471401382349,3,3,5
10,nicaragua,Very High,High,High,-0.2977472878895796,27.64,0.8124996613866324,1.1728690005710642,0.7886785765518329,0.3191752502312626,2011.0,0.2763698287088049,4,4,5
11,brunei darussalam,Very High,Low,Very Low,-0.4956428173231633,36.28,-0.7543043531509386,-1.406461331409047,-0.3551058386797744,-0.4765191576649689,2011.0,0.362916958830011,2,1,5
12,jamaica,Very High,Medium,Medium,-0.637507684808684,28.11,-0.1469623221153916,-0.2129982156387899,0.0047743816971125,-0.237646095253057,2011.0,0.2810778323149354,3,3,5
13,chile,Very High,Low,Low,-0.7471847252176581,31.25,-0.7992926517461638,-0.6275500455714494,-1.0417816062656924,-0.4551029520694183,2011.0,0.3125313032154663,2,2,5
14,mauritius,Very High,Low,Low,-0.7543375756791131,29.59,-0.632316851190807,-0.8404028909853036,-0.7588738908099408,-0.1346835683513707,2011.0,0.2959030351597715,2,2,5
15,japan,High,Very Low,Very Low,-0.8473246316780257,39.57,-1.6800251127065435,-1.1443456003753925,-2.34018622875116,-0.9287305758171748,2011.0,0.3958729840729239,1,1,4
16,netherlands,Medium,Very Low,Very Low,-1.255037107980951,29.24,-1.832293200259615,-1.3590574226050882,-2.201770759375434,-1.3422280838543466,2011.0,0.2923970750275468,1,1,3
17,katar,Very Low,Very Low,Very Low,-2.171794108790745,0.05,-1.2431195205798329,-1.7856926018407175,-1.2963310304347104,-0.3859121339914849,2011.0,0.0,1,1,1
18,vanuatu,Very High,High,High,2.168793979568761,63.66,0.8375892894493543,0.5621951165671243,0.6718694243469518,1.0753320477972463,2013.0,0.6371832114594811,4,4,5
19,tonga,Very High,Medium,Medium,1.1912377498366011,55.27,0.3046509830136044,-0.0828698385298836,0.6239304081241399,0.1832647147210362,2013.0,0.5531403385755785,3,3,5
20,philippines,Very High,Medium,High,1.1065956860427189,52.46,0.4249081657969961,0.4766821830384147,0.6178536314198395,0.0366460764130349,2013.0,0.5249924872282881,3,4,5
21,guatemala,Very High,High,High,0.3150135683083841,36.3,0.8635440771004464,0.925625084064142,0.6401351460022733,0.8644647927025927,2013.0,0.3631172994089952,4,4,5
22,bangladesh,Very High,High,High,0.1874544017457729,31.7,1.2935283925201997,1.1440548599255211,1.00676734049505,1.4517630461498112,2013.0,0.3170389662426124,4,4,5
23,solomon islands,Very High,High,High,-0.0152096946621138,29.98,1.1118448789625572,1.4266193359334325,0.8663262788845576,0.854580390120031,2013.0,0.2998096764499649,4,4,5
24,costa rica,Very High,Low,Low,-0.1546902786604828,42.61,-0.6747096710209237,-0.6535757209932308,-0.4874445313512007,-0.7524587297614882,2013.0,0.4263247520785335,2,2,5
25,cambodia,Very High,High,High,-0.1594588456347864,27.65,1.1741363693251772,1.3810744039453149,1.0317496447238388,0.870230694209087,2013.0,0.276469998998297,4,4,5
26,el salvador,Very High,Medium,Medium,-0.1654195543526651,32.6,0.3582908774925271,0.0825790980800119,0.2951092686803421,0.5901726210365007,2013.0,0.3260542922969047,3,3,5
27,brunei darussalam,Very High,Low,Very Low,-0.2905944374281247,41.1,-0.7880455770973578,-1.3135124906169708,-0.4476078840674549,-0.5407677744516213,2013.0,0.4111990383652208,2,1,5
28,mauritius,Very High,Low,Low,-0.3645072255298248,37.35,-0.5977104676560182,-0.89710168386847,-0.7230884279957287,-0.0300736410192572,2013.0,0.3736351798056696,2,2,5
29,nicaragua,Very High,High,High,-0.399079336093523,27.23,0.6178387540034445,0.7880607996918698,0.6752454114048961,0.2417474300011941,2013.0,0.2722628468396273,4,4,5
30,japan,Very High,Very Low,Low,-0.4932585338360117,45.91,-1.4568139389071546,-1.0941532263476714,-2.109268713987754,-0.6173718944664758,2013.0,0.4593809476109385,1,2,5
31,fiji,Very High,Medium,Medium,-0.5576341879891051,27.71,0.1195068311024833,-0.2297290069813636,0.2687765696283747,0.2170364235447896,2013.0,0.2770710207352499,3,3,5
32,chile,Very High,Low,Low,-0.7102283311668083,30.95,-0.6824961073162515,-0.7344412124823368,-0.8554271206671544,-0.2541200995573264,2013.0,0.3095261945307022,2,2,5
33,netherlands,High,Very Low,Very Low,-1.1298622249054917,30.57,-1.6333064949345784,-1.3553394689734053,-1.9688276523772608,-1.0621700106817602,2013.0,0.305719723530001,1,1,4
34,katar,Very Low,Very Low,Very Low,-2.1622569748421387,0.28,-0.959347175594563,-1.7763977177615098,-1.0242264735643811,0.0835969886802039,2013.0,0.0023039166583191,1,1,1
35,vanuatu,Very High,High,High,2.20336609013246,63.66,0.8765214709259922,0.6579324225829628,0.6644422528194739,1.1107511570514264,2015.0,0.6371832114594811,4,4,5
36,tonga,Very High,Medium,Medium,1.217464868195269,55.27,0.3392573665483932,0.0156559327097172,0.707654887161164,0.0910102906171256,2015.0,0.5531403385755785,3,3,5
37,philippines,Very High,High,High,1.161434206247206,52.46,0.5001770499851619,0.3149512000602021,0.5901705375446946,0.4303747792850832,2015.0,0.5249924872282881,4,4,5
38,guatemala,Very High,High,High,0.2220265123094716,36.3,0.6758044464242161,0.5491822788562343,0.5915209323678722,0.7219646554706586,2015.0,0.3631172994089952,4,4,5
39,solomon islands,Very High,Very High,High,0.1254630310798311,29.98,1.452717756780229,1.481459152000757,0.9682810880344818,1.6560406995227563,2015.0,0.2998096764499649,5,4,5
40,bangladesh,Very High,High,High,0.1218866058491039,31.7,1.1429906241438672,0.9702405276443384,1.0283736576658946,1.151112467596887,2015.0,0.3170389662426124,4,4,5
41,costa rica,Very High,Low,Medium,-0.1272710185582393,42.61,-0.6279910532489587,-0.651716744177389,-0.4712397934730663,-0.6404355004924536,2015.0,0.4263247520785335,2,3,5
42,cambodia,Very High,High,High,-0.1689959795833926,27.65,1.1499119008508254,1.0120675060007729,1.0553815541294511,1.1000430542536508,2015.0,0.276469998998297,4,4,5
43,el salvador,Very High,Medium,High,-0.1713802630705442,32.6,0.3444483240786117,0.1132522155413969,0.241768673164819,0.5877015203908601,2015.0,0.3260542922969047,3,4,5
44,brunei darussalam,Very High,Low,Low,-0.2488694764029718,41.1,-0.7153721716743007,-1.0086402928189613,-0.5428107191014906,-0.4872272604627445,2015.0,0.4111990383652208,2,2,5
45,mauritius,Very High,Low,Low,-0.4264985961957666,37.35,-0.7179676504394099,-0.964024849238765,-0.6609702661295491,-0.3900306350675527,2015.0,0.3736351798056696,2,2,5
46,nicaragua,Very High,High,High,-0.4300750214264939,27.23,0.5365137526966905,0.782483869244345,0.6111016573039508,0.0934813912627661,2015.0,0.2722628468396273,4,4,5
47,fiji,Very High,Medium,Medium,-0.5683634636812873,27.71,0.0935520434513918,-0.3505625000110626,0.2552726213965964,0.2648110360271719,2015.0,0.2770710207352499,3,3,5
48,japan,Very High,Very Low,Low,-0.5826691646041972,45.91,-1.59783495181142,-1.0197941537140105,-2.2578121445373127,-0.9056669697911972,2015.0,0.4593809476109385,1,2,5
49,chile,Very High,Low,Low,-0.8389796394729953,30.95,-0.982706484480546,-0.8292490300902544,-0.8972893601856664,-0.9781525887299842,2015.0,0.3095261945307022,2,2,5
50,netherlands,High,Very Low,Very Low,-1.1858928868535543,30.57,-1.7674062311318857,-1.2568136977338045,-1.947896532618005,-1.558037540240281,2015.0,0.305719723530001,1,1,4
51,katar,Very Low,Very Low,Very Low,-2.164641258329291,0.28,-1.5069931950325988,-1.819154184525865,-1.7851739564250784,-0.5144093675647895,2015.0,0.0023039166583191,1,1,1
52,vanuatu,Very High,High,High,2.177138971773792,63.66,0.8471060449214218,0.7239260995453368,0.6644422528194739,0.9666036193890656,2014.0,0.6371832114594811,4,4,5
53,philippines,Very High,High,High,1.1936220333237526,52.46,0.5451653485803879,0.440432135129505,0.5881449453099278,0.4493198842349938,2014.0,0.5249924872282881,4,4,5
54,tonga,Very High,Medium,Medium,1.1912377498366011,55.27,0.3055161426019739,0.0500470038027851,0.707654887161164,-0.0358395425257517,2014.0,0.5531403385755785,3,3,5
55,guatemala,Very High,High,High,0.2911707334368681,36.3,0.8159602997401112,0.8652083375492928,0.6428359356486294,0.7804473707508164,2014.0,0.3631172994089952,4,4,5
56,bangladesh,Very High,High,High,0.1350001650284377,31.7,1.172406050148438,1.0845676018185924,0.9946137870864492,1.1733523734076514,2014.0,0.3170389662426124,4,4,5
57,solomon islands,Very High,Very High,High,0.1123494719004973,29.98,1.4215720115989183,1.5576772014502591,0.953426744979526,1.5160116629364628,2014.0,0.2998096764499649,5,4,5
58,costa rica,Very High,Low,Medium,-0.1081967506610268,42.61,-0.5942498293025393,-0.5234473438843241,-0.4530094633601661,-0.6799731108227008,2014.0,0.4263247520785335,2,3,5
59,el salvador,Very High,High,High,-0.1332317272761184,32.6,0.4300991233272146,0.3242460841394099,0.2721525566863191,0.6107651264168379,2014.0,0.3260542922969047,4,4,5
60,cambodia,Very High,High,High,-0.1332317272761184,27.65,1.2416188172180158,1.2435101195730425,1.0560567515410395,1.1552309686729547,2014.0,0.276469998998297,4,4,5
61,brunei darussalam,Very High,Low,Low,-0.2393323424543651,41.1,-0.6980689799069065,-0.9891210362526256,-0.5563146673332688,-0.437805247549935,2014.0,0.4111990383652208,2,2,5
62,nicaragua,Very High,High,High,-0.4014636195806748,27.23,0.6126477964732264,0.8531249882463227,0.7009029130452753,0.1396086033147212,2014.0,0.2722628468396273,4,4,5
63,mauritius,Very High,Low,Low,-0.412192895272857,37.35,-0.6911477031999483,-0.8989606606843115,-0.6508423049557157,-0.382617333130631,2014.0,0.3736351798056696,2,2,5
64,fiji,Very High,Medium,Medium,-0.5469049122969228,27.71,0.1497874166954237,-0.3050175680229455,0.2775541359790311,0.3595365607767231,2014.0,0.2770710207352499,3,3,5
65,japan,Very High,Very Low,Low,-0.5790927393734696,45.91,-1.5926439942812014,-1.0281595493852973,-2.2308042480737567,-0.9171987728041862,2014.0,0.4593809476109385,1,2,5
66,chile,Very High,Low,Low,-0.8270582220372371,30.95,-0.953291058475975,-0.7799861444704543,-0.8628542921946324,-0.9797999891604112,2014.0,0.3095261945307022,2,2,5
67,netherlands,High,Very Low,Very Low,-1.1906614538278577,30.57,-1.779518465369062,-1.2800509079318236,-1.96950284978885,-1.5448583367968651,2014.0,0.305719723530001,1,1,4
68,qatar,Very Low,Very Low,Very Low,-2.164641258329291,0.28,-1.4922854820303133,-1.8256606033813103,-1.7932763253641455,-0.4575740527150589,2014.0,0.0023039166583191,1,1,1
69,vanuatu,Very High,High,High,3.515914149809421,82.55,0.8886337051631684,1.0269393205275048,0.6678182398774183,0.8133953793593565,2021.0,0.8264048883101272,4,4,5
70,solomon islands,Very High,High,Very High,1.540535280704312,51.13,1.1594286563228924,1.6227413900047127,0.6630918579962963,1.0638002447842574,2021.0,0.5116698387258339,4,5,5
71,tonga,Very High,Medium,High,1.4630460673718848,63.63,0.0347211914422505,-0.01780564997543,0.573290602254972,-0.5844238858579363,2021.0,0.6368827005910047,3,4,5
72,dominica,Very High,Medium,Medium,1.094674268606961,61.74,-0.2715453028406324,-0.4825498539358105,-0.0127807510041993,-0.3331953202178215,2021.0,0.6179505158769909,3,3,5
73,antigua and barbuda,Very High,Low,Medium,1.0779842841968996,67.73,-0.6288562128373282,-0.4472292944348217,-0.4665134115919444,-0.8315339504219833,2021.0,0.6779525192827808,2,3,5
74,brunei darussalam,Very High,Low,Very Low,0.5403283578442114,58.17,-0.7274844059114769,-1.2345059759437065,-0.2153399744808713,-0.7211581215833753,2021.0,0.5821897225282981,2,1,5
75,guyana,Very High,High,Medium,0.4282670339480855,43.93,0.1852589598185821,-0.2464597983239373,0.3990896700650341,0.2606925349511047,2021.0,0.4395472302914955,4,3,5
76,philippines,Very High,High,High,0.3758127972307504,42.68,0.2215956625301107,0.0017136065909056,0.730611599155187,-0.2598860010638208,2021.0,0.4270259441049784,4,4,5
77,papua new guinea,Very High,Very High,Very High,0.3173978517955357,30.62,1.79272547500953,2.4788002136997336,1.0020409586139272,1.701344211359498,2021.0,0.3062205749774617,5,5,5
78,guatemala,Very High,High,High,0.2375243549759569,36.79,0.6429283820661663,0.3660730624958437,0.9682810880344818,0.3298833530290375,2021.0,0.3680256435941099,4,4,5
79,cape verde,Very High,Medium,High,-0.0617032226615703,37.23,0.0035754462609405,0.0230918399730832,0.0939004400268477,-0.1239754655535951,2021.0,0.3724331363317639,3,4,5
80,costa rica,Very High,Low,Low,-0.1403845777375735,44.27,-0.7793939812136604,-0.8041528430763939,-0.4043952497257649,-1.0193375994906588,2021.0,0.4429530201342282,2,2,5
81,bangladesh,Very High,High,High,-0.2393323424543651,28.11,0.8817124284562108,0.3679320393116856,0.9622043113301816,1.0176730327323018,2021.0,0.2810778323149354,4,4,5
82,fiji,Very High,Medium,Medium,-0.259598752095154,34.51,-0.0864011509295113,-0.6089602774130343,0.3585778253696992,-0.1453916711491457,2021.0,0.3451868175899028,3,3,5
83,cambodia,Very High,High,High,-0.2905944374281247,26.89,0.9699587064699224,0.9553687131176064,1.032424842135428,0.665129340620928,2021.0,0.2688570569968947,4,4,5
84,east timor,Very High,High,High,-0.2965551461460038,28.27,0.7078153511938957,1.22863830504631,0.2971348609151089,0.5704038158713768,2021.0,0.2826805569468095,4,4,5
85,el salvador,Very High,High,Medium,-0.3478172411197634,31.62,0.0788443304491063,-0.399825385630863,0.4956428999222473,-0.0251314397279767,2021.0,0.3162376039266753,4,3,5
86,kiribati,Very High,High,High,-0.3692757925041279,26.41,0.8471060449214218,1.027868808935426,0.7765250231432321,0.560519413288815,2021.0,0.2640488831012721,4,4,5
87,nicaragua,Very High,High,High,-0.4908742503488602,26.02,0.5797717321151767,0.340047387074063,0.8082593014879116,0.3685972631440715,2021.0,0.2601422418110788,4,4,5
88,uruguay,Very High,Low,Low,-0.6804247875774132,35.97,-1.1003681884988283,-0.8729349852625303,-1.152513981766273,-0.9641496850713548,2021.0,0.3598116798557547,2,2,5
89,jamaica,Very High,Medium,Medium,-0.7412240164997792,25.92,-0.1019740235201663,-0.3431265927476964,0.2161111715244399,-0.2508252986964726,2021.0,0.2591405389161574,3,3,5
90,chile,Very High,Low,Low,-0.8246739385500855,32.51,-1.1003681884988283,-1.005851827595199,-0.8020865251516308,-1.2738609659916271,2021.0,0.3251527596914754,2,2,5
91,japan,High,Very Low,Low,-1.0225694679836692,38.51,-1.94303362757094,-0.993768478292229,-2.153831743152621,-2.040725866355386,2021.0,0.3852549333867574,1,2,4
92,netherlands,High,Very Low,Very Low,-1.2228492809044045,31.75,-1.939572989217461,-1.2967816992743972,-1.8216346166508792,-2.167575699498264,2021.0,0.3175398176900731,1,1,4
93,vanuatu,Very High,High,High,2.1711782630559133,63.66,0.8401847682144636,0.6086695369631623,0.6664678450542407,1.046502540264774,2017.0,0.6371832114594811,4,4,5
94,tonga,Very High,Medium,Medium,1.2317705691181784,55.27,0.3591560370808972,-0.015017184751668,0.6840229777555527,0.2030335198861602,2017.0,0.5531403385755785,3,3,5
95,philippines,Very High,High,High,1.1268620956835078,52.46,0.4525932726248273,0.4051115756285159,0.6482375149413405,0.1429034041755757,2017.0,0.5249924872282881,4,4,5
96,guatemala,Very High,High,High,0.2649436150782005,36.3,0.7623204052611885,0.762964612678009,0.6387847511790957,0.7219646554706586,2017.0,0.3631172994089952,4,4,5
97,bangladesh,Very High,High,High,0.1588429998999538,31.7,1.2260459446273608,1.0947919743057206,1.0189208939036498,1.2894941037527532,2017.0,0.3170389662426124,4,4,5
98,solomon islands,Very High,High,High,0.0634716604138892,29.98,1.303910307580636,1.4647283606581831,0.9243932562812036,1.2977311059048882,2017.0,0.2998096764499649,4,4,5
99,costa rica,Very High,Low,Medium,-0.1284631603018153,42.61,-0.6288562128373282,-0.6321974876110533,-0.4611118322992333,-0.6725598088857797,2017.0,0.4263247520785335,2,3,5
100,cambodia,Very High,High,High,-0.1570745621476344,27.65,1.1793273268553957,1.2156254673354192,1.0459287903672063,1.0152019320866612,2017.0,0.276469998998297,4,4,5
101,el salvador,Very High,Medium,Medium,-0.1785331135319993,32.6,0.3297406110763263,0.0955919357909026,0.2816053204485638,0.5143922012368595,2017.0,0.3260542922969047,3,3,5
102,brunei darussalam,Very High,Low,Very Low,-0.2405244841979411,41.1,-0.6997992990836457,-1.1313327626645018,-0.4962220977018561,-0.3916780354979794,2017.0,0.4111990383652208,2,1,5
103,mauritius,Very High,Low,Low,-0.3728522177348554,37.35,-0.6141484998350427,-0.9277748013298552,-0.6636710557759048,-0.1223280651231685,2017.0,0.3736351798056696,2,2,5
104,nicaragua,Very High,High,High,-0.4002714778370988,27.23,0.6135129560615961,0.7611056358621672,0.677271003639663,0.2508081323685425,2017.0,0.2722628468396273,4,4,5
105,fiji,Very High,Medium,Medium,-0.56478703845056,27.71,0.1030687989234587,-0.3040880796150246,0.2599990032777193,0.2475133315076886,2017.0,0.2770710207352499,3,3,5
106,japan,Very High,Very Low,Low,-0.5683634636812873,45.91,-1.576205962102177,-1.0541852248070789,-2.24160740665918,-0.8323576506371966,2017.0,0.4593809476109385,1,2,5
107,chile,Very High,Low,Low,-0.7746039853199017,30.95,-0.8321687161042136,-0.7771976792466919,-0.8763582404264102,-0.6190192948969024,2017.0,0.3095261945307022,2,2,5
108,netherlands,High,Very Low,Very Low,-1.1715871859306448,30.57,-1.735395326362206,-1.2967816992743972,-2.0181170634232517,-1.3438754842847738,2017.0,0.305719723530001,1,1,4
109,katar,Very Low,Very Low,Very Low,-2.163449116585715,0.28,-1.323579362298217,-1.789410555472401,-1.5049670306156822,-0.3587300268894399,2017.0,0.0023039166583191,1,1,1
110,vanuatu,Very High,High,High,4.586457435540495,99.88,0.7986571079727172,0.6235413514898949,0.8805054245279241,0.6544212378231524,2019.0,1.0,4,4,5
111,antigua and barbuda,Very High,Medium,Medium,1.497618177935583,69.95,-0.3044213671986815,-0.4862678075674938,0.3599282201928777,-0.8784848626891522,2019.0,0.7001903235500351,3,3,5
112,tonga,Very High,Medium,Medium,1.3295261920913946,61.41,0.0269347551469227,-0.0391838833576076,0.5807177737824498,-0.5967793890861385,2019.0,0.6146448963237503,3,3,5
113,solomon islands,Very High,High,Very High,1.325949766860667,48.31,1.1438557837322374,1.6506260422423351,0.6502631071761072,1.0119071312258072,2019.0,0.4834218170890514,4,5,5
114,guyana,Very High,High,Medium,0.5522497752799695,44.98,0.284752312481101,-0.2046328199675031,0.5645130359043165,0.3068197470030597,2019.0,0.4500651106881698,4,3,5
115,papua new guinea,Very High,Very High,Very High,0.4699919949732389,32.54,1.7849390387142037,2.4946015166343867,1.0054169456718716,1.6609829008140375,2019.0,0.3254532705599519,5,5,5
116,brunei darussalam,Very High,Low,Very Low,0.4103849077944486,57.62,-0.8589886633436753,-1.2410123947991516,-0.2821845182281727,-1.0102768971233105,2019.0,0.5766803566062305,2,1,5
117,guatemala,Very High,High,High,0.292362875180444,38.56,0.5278621568129931,0.3326114798106964,0.8534975280643675,0.1717329117080473,2019.0,0.3857557848342182,4,4,5
118,philippines,Very High,High,High,0.292362875180444,41.93,0.1549783742256423,0.0230918399730832,0.6522886994108741,-0.374380330978496,2019.0,0.4195131723930682,4,4,5
119,bangladesh,Very High,High,High,0.0646638021574652,32.48,0.8894988647515379,0.4013936219968329,1.0000153663791604,0.9657799191738516,2019.0,0.324852248822999,4,4,5
120,cape verde,Very High,Medium,High,-0.0259389703542961,38.26,-0.0388173735691761,0.2340857085710959,-0.2490998450603166,-0.0144233369302011,2019.0,0.382750676149454,3,4,5
121,fiji,Very High,Medium,Medium,-0.0485896634822365,38.43,-0.0985133851666875,-0.6572936746249138,0.502394874038137,-0.311779114622271,2019.0,0.3844535710708204,3,3,5
122,costa rica,Very High,Low,Low,-0.1034281836867232,44.92,-0.7681469065648538,-0.8794414041179758,-0.1674009582580584,-1.2096123492049748,2019.0,0.4494640889512171,2,2,5
123,djibouti,Very High,High,High,-0.2119130823521215,27.04,1.1525073796159342,0.9990546682898822,0.882531016762691,1.3306791145134276,2019.0,0.2703596113392767,4,4,5
124,east timor,Very High,High,Very High,-0.2202580745571522,27.92,0.965632908528074,1.6562029726898602,0.5077964533308481,0.6700715419122091,2019.0,0.2791745968145848,4,5,5
125,cambodia,Very High,High,High,-0.3704679342477037,26.82,0.7675113627914071,1.1412663947017587,0.5131980326235592,0.5547535117823206,2019.0,0.2681558649704497,4,4,5
126,el salvador,Very High,Medium,Medium,-0.3728522177348554,31.87,-0.0102671071529753,-0.3877420363278929,0.4274479613517684,-0.2079928875053714,2019.0,0.3187418611639787,3,3,5
127,nicaragua,Very High,High,High,-0.5314070696304375,25.95,0.4811435390410281,0.1615856127532767,0.7805762076127657,0.2796376399010147,2019.0,0.2594410497846338,4,4,5
128,uruguay,Very High,Low,Low,-0.6816169293209889,36.03,-1.1064243056174163,-0.9101145215793608,-0.9958681822776468,-1.1395978309118284,2019.0,0.3604127015927076,2,2,5
129,chile,Very High,Low,Low,-0.6899619215260197,34.32,-0.9740548885968484,-0.9984159203318328,-0.5772457870925246,-1.1939620451159187,2019.0,0.3432835820895522,2,2,5
130,jamaica,Very High,Medium,Medium,-0.7543375756791131,26.18,-0.1763777481199626,-0.3728702218011607,0.2282647249330407,-0.4526318514237778,2019.0,0.261744966442953,3,3,5
131,japan,High,Very Low,Low,-1.078600129931732,38.94,-2.0719424062380285,-1.0978711799793544,-2.121422267396354,-2.356203048782153,2019.0,0.3895622558349193,1,2,4
132,netherlands,Medium,Very Low,Very Low,-1.2979542107496802,31.73,-2.110874587714666,-1.3395381660387524,-2.011365089307362,-2.389151057390692,2019.0,0.3173394771110888,1,1,3
133,vanuatu,Very High,High,High,3.7555346402681584,86.77,0.8453757257446821,0.9479328058542406,0.6354087641211514,0.799392475700727,2020.0,0.8686767504758088,4,4,5
134,tonga,Very High,High,High,1.368866869629396,61.21,0.0874959263328037,0.0137969558938757,0.575991391901327,-0.4641636544367667,2020.0,0.6126414905339076,4,4,5
135,dominica,Very High,Medium,Medium,1.2198491516824204,62.74,-0.1876248227687686,-0.2315879837972051,-0.0073791717114882,-0.3208398169896193,2020.0,0.6279675448262045,3,3,5
136,antigua and barbuda,Very High,Low,Medium,1.0970585520941123,68.92,-0.6686535539023356,-0.4909152496070977,-0.5407851268667238,-0.8142362459024999,2020.0,0.689872783732345,2,3,5
137,solomon islands,Very High,High,Very High,0.7167653358934306,40.04,1.125687432376473,1.5929977609512485,0.6678182398774183,0.9896672254150428,2020.0,0.4005809876790543,4,5,5
138,guyana,Very High,High,Medium,0.5355597908699082,44.92,0.2639884823602274,-0.1377096545972084,0.4206959872358787,0.3636550618527909,2020.0,0.4494640889512171,4,3,5
139,brunei darussalam,Very High,Low,Very Low,0.4842976958961487,57.61,-0.7655514277997445,-1.2884163036031104,-0.224792738243116,-0.7714038347113982,2020.0,0.5765801863167385,2,1,5
140,papua new guinea,Very High,Very High,Very High,0.3436249701542037,30.79,1.819545422248992,2.5141207732007222,1.00676734049505,1.740881821689746,2020.0,0.3079234698988279,5,5,5
141,philippines,Very High,High,High,0.3245507022569908,42.3,0.1731467255814059,0.0333162124602115,0.6111016573039508,-0.2796548062289448,2020.0,0.4232194731042772,4,4,5
142,guatemala,Very High,High,High,0.2208343705658956,36.52,0.6463890204196457,0.4162654365235654,0.9378972045129808,0.3331781538898914,2020.0,0.3653210457778223,4,4,5
143,cape verde,Very High,Medium,High,-0.0605110809179943,37.23,0.0053057654376796,0.0686367719612006,0.1026780063775041,-0.1701026776055508,2020.0,0.3724331363317639,3,4,5
144,costa rica,Very High,Low,Low,-0.117733884609633,43.49,-0.6816309477278814,-0.7976464242209486,-0.164024971200114,-1.0407538050862095,2020.0,0.4351397375538415,2,2,5
145,bangladesh,Very High,High,High,-0.2190659328135766,28.28,0.9024762585770836,0.4274192974186143,0.9784090492083158,1.0044938292888856,2020.0,0.2827807272363017,4,4,5
146,djibouti,Very High,High,High,-0.2393323424543651,26.79,1.129148070729952,0.8549839650621645,0.882531016762691,1.389985530008799,2020.0,0.2678553541019733,4,4,5
147,fiji,Very High,Medium,Medium,-0.2667516025566087,34.63,-0.1158165769340816,-0.6163961846764002,0.3322451263177318,-0.190695182985888,2020.0,0.3463888610638085,3,3,5
148,cambodia,Very High,High,High,-0.2953630044024281,26.8,0.9751496640001408,0.96001615515721,1.0547063567178618,0.6470079358862313,2020.0,0.2679555243914654,4,4,5
149,el salvador,Very High,High,Medium,-0.3466250993761876,31.69,0.0727882133305182,-0.3663638029457154,0.454455857815324,-0.0226603390823361,2020.0,0.3169387959531203,4,3,5
150,kiribati,Very High,High,High,-0.3931186273756441,26.05,0.848836364098161,0.9906892726185956,0.7731490360852878,0.6033518244799162,2020.0,0.2604427526795552,4,4,5
151,uruguay,Very High,Low,Low,-0.6792326458338375,36.29,-1.1237274973848106,-0.8720054968546095,-1.1795218782298291,-0.997921393895108,2020.0,0.3630171291195031,2,2,5
152,jamaica,Very High,Medium,Medium,-0.7340711660383243,26.05,-0.1002437043434266,-0.3226778477734398,0.2161111715244399,-0.264828202355102,2020.0,0.2604427526795552,3,3,5
153,chile,Very High,Low,Low,-0.7376475912690517,33.41,-0.9930883995409824,-1.0021338739635162,-0.6056040783792588,-1.2104360494201885,2020.0,0.3341680857457677,2,2,5
154,japan,High,Very Low,Low,-1.024953751470821,38.67,-1.9568761809848556,-1.0086402928189613,-2.168686086207577,-2.049786568722735,2020.0,0.3868576580186316,1,2,4
155,netherlands,High,Very Low,Very Low,-1.2335785565965869,31.72,-1.9620671385150736,-1.2837688615635066,-1.9370933740325824,-2.1025033824963977,2020.0,0.3172393068215967,1,1,4
156,vanuatu,Very High,High,High,2.154488278645852,63.66,0.8211512572703298,0.5166501845790075,0.6664678450542407,1.0761557480124595,2012.0,0.6371832114594811,4,4,5
157,tonga,Very High,Medium,Medium,1.2377312778360576,55.27,0.3660773137878549,-0.065209558779389,0.6745702139933079,0.2796376399010147,2012.0,0.5531403385755785,3,3,5
158,philippines,Very High,Medium,High,1.161434206247206,52.46,0.5019073691619017,0.4934129743809884,0.7947553532561333,0.0259379736152599,2012.0,0.5249924872282881,3,4,5
159,guatemala,Very High,High,High,0.2995157256418987,36.3,0.8315331723307663,0.805721079442364,0.6657926476426524,0.8504618890439631,2012.0,0.3631172994089952,4,4,5
160,bangladesh,Very High,Very High,High,0.2363322132323809,31.7,1.4042688198315243,1.3810744039453149,1.0479543826019733,1.5085983609995417,2012.0,0.3170389662426124,5,4,5
161,solomon islands,Very High,High,High,-0.0104411276878107,29.98,1.124822272788103,1.4266193359334325,0.8737534504120354,0.881762497222076,2012.0,0.2998096764499649,4,4,5
162,costa rica,Very High,Low,Low,-0.1022360419431477,42.61,-0.5838679142421029,-0.65264623258531,-0.3841393273780979,-0.6198429951121164,2012.0,0.4263247520785335,2,2,5
163,cambodia,Very High,High,High,-0.1272710185582393,27.65,1.2563265302203013,1.609728552293822,1.037151224016551,0.8974128013111321,2012.0,0.276469998998297,4,4,5
164,el salvador,Very High,Medium,Medium,-0.1606509873783619,32.6,0.3695379521413337,0.0286687704206079,0.3639794046624103,0.5852304197452195,2012.0,0.3260542922969047,3,3,5
165,brunei darussalam,Very High,Low,Very Low,-0.2762887365052152,41.1,-0.7638211086230055,-1.305147094945684,-0.3821137351433311,-0.5580654789711046,2012.0,0.4111990383652208,2,1,5
166,mauritius,Very High,Low,Low,-0.3394722489147327,37.35,-0.5483963711189439,-0.8943132186447079,-0.6265351981385151,-0.00948113563892,2012.0,0.3736351798056696,2,2,5
167,nicaragua,Very High,High,High,-0.3430486741454603,27.23,0.7683765223797766,0.9107532695374096,0.7670722593809883,0.4526146850958477,2012.0,0.2722628468396273,4,4,5
168,fiji,Very High,Medium,Medium,-0.5421363453226198,27.71,0.1601693317558602,-0.2250815649417598,0.2701269644515523,0.3257648519529703,2012.0,0.2770710207352499,3,3,5
169,japan,Very High,Very Low,Very Low,-0.5612106132198327,45.91,-1.5649588874533702,-1.1238968554011357,-2.363818138156771,-0.5893660871492168,2012.0,0.4593809476109385,1,1,5
170,chile,Very High,Low,Low,-0.7126126146539599,30.95,-0.6876870648464695,-0.7121334906922387,-0.9101181110058556,-0.2228194913792142,2012.0,0.3095261945307022,2,2,5
171,netherlands,High,Very Low,Very Low,-1.1620500519820385,30.57,-1.7120360174762232,-1.3683523066842955,-2.17273727067711,-1.0259272012123666,2012.0,0.305719723530001,1,1,4
172,katar,Very Low,Very Low,Very Low,-2.1622569748421387,0.28,-0.9835716440689154,-1.7661733452743815,-1.074866279433549,0.0679466845911478,2012.0,0.0023039166583191,1,1,1
173,vanuatu,Very High,High,High,3.819910294421252,86.46,0.9171839715793692,0.6932529820839519,1.0162201042572947,0.7647970666617603,2018.0,0.8655714715015526,4,4,5
174,tonga,Very High,High,High,1.333102617322122,55.92,0.4378855596225419,0.0295982588285285,0.5901705375446946,0.5028603982238705,2018.0,0.5596514073925674,4,4,5
175,philippines,Very High,High,High,0.8228659510716774,49.94,0.2406291734742446,0.0900150053433778,0.6921253466946189,-0.237646095253057,2018.0,0.4997495742762696,4,4,5
176,solomon islands,Very High,High,Very High,0.6023197285101531,37.81,1.2147988699785548,1.735209487363125,0.7414147577406093,1.027557435314863,2018.0,0.3782430131223079,4,5,5
177,guyana,Very High,High,Medium,0.5951668780486985,45.56,0.2968645467182765,-0.1191198864387933,0.4078672364156896,0.4559094859567016,2018.0,0.4558749874787138,4,3,5
178,papua new guinea,Very High,Very High,Very High,0.3150135683083841,31.05,1.7036140374074484,2.5066848659373564,0.8426943694789453,1.6173267894077223,2018.0,0.3105278974256235,5,5,5
179,guatemala,Very High,High,High,0.2816335994882619,38.5,0.5148847629874473,0.4060410640364364,0.677271003639663,0.2845798411922958,2018.0,0.3851547630972653,4,4,5
180,brunei darussalam,Very High,Low,Very Low,0.0694323691317684,52.71,-1.0242341447222922,-1.2837688615635066,-0.662995858364316,-0.9789762889451978,2018.0,0.5274967444655915,2,1,5
181,bangladesh,Very High,High,High,-0.1022360419431477,29.95,0.9068020565189326,0.4748232062225729,0.9210172692232582,1.046502540264774,2018.0,0.2995091655814885,4,4,5
182,fiji,Very High,Medium,Medium,-0.1976073814292122,35.51,-0.0751540762807047,-0.5838640903991738,0.2809301230369755,-0.0391343433866056,2018.0,0.3552038465391164,3,3,5
183,costa rica,Very High,Low,Low,-0.1999916649163637,44.27,-0.8771570146994395,-0.7613963763120388,-0.6164072369646816,-1.0794677152012435,2018.0,0.4429530201342282,2,2,5
184,cambodia,Very High,High,High,-0.258406610351578,27.13,1.0097560475349296,1.1487023019651246,0.9932633922632716,0.6552449380383663,2018.0,0.2712611439447059,4,4,5
185,east timor,Very High,High,High,-0.2607908938387296,26.96,1.0391714735395006,1.543734875331448,0.4976684921570141,0.9921383260606832,2018.0,0.2695582490233397,4,4,5
186,el salvador,Very High,Medium,Medium,-0.2727123112744878,33.46,0.0087664037911584,-0.2771329157853226,0.3065876246773537,-0.1033829601732579,2018.0,0.3346689371932285,3,3,5
187,kiribati,Very High,High,High,-0.3358958236840054,26.37,0.9448690784072004,1.2109780252958158,0.7623458774998655,0.6947825483686135,2018.0,0.2636482019433036,4,4,5
188,mauritius,Very High,Low,Low,-0.4729921241952231,37.22,-0.7958320133926851,-1.0151467116744066,-0.8142400785602312,-0.3809699327002038,2018.0,0.3723329660422718,2,2,5
189,nicaragua,Very High,High,High,-0.5063720930153456,26.27,0.4932557732782043,0.2638293376245603,0.6002984987185276,0.4443776829437127,2018.0,0.2626464990483822,4,4,5
190,chile,Very High,Low,Low,-0.8449403481908742,31.84,-1.0839301563198032,-0.92126838247441,-0.8311200138499538,-1.2639765634090652,2018.0,0.3184413502955023,2,2,5
191,japan,Very High,Very Low,Low,-0.8532853403959049,46.55,-2.0537740548822647,-1.0235121073456934,-2.223377076546279,-2.247474620373972,2018.0,0.4657918461384353,1,2,5
192,netherlands,High,Very Low,Very Low,-1.2860327933139222,31.86,-2.0901107575937927,-1.258672674549646,-2.0545777236490523,-2.3487897468452315,2018.0,0.3186416908744866,1,1,4
193,vanuatu,Very High,High,High,2.1509118534151246,63.66,0.8168254593284814,0.5845028383572227,0.6644422528194739,1.0036701290736725,2016.0,0.6371832114594811,4,4,5
194,tonga,Very High,High,Medium,1.3223733416299397,55.27,0.4785480602759188,0.004502071814668,0.707654887161164,0.4979181969325894,2016.0,0.5531403385755785,4,3,5
195,philippines,Very High,High,High,1.0088400630695027,52.46,0.2899432700113189,0.299149897125549,0.6482375149413405,-0.2269379924552814,2016.0,0.5249924872282881,4,4,5
196,guatemala,Very High,High,High,0.1957993939508036,36.3,0.6238948711220325,0.6700157718859329,0.6536390942340516,0.390837168954836,2016.0,0.3631172994089952,4,4,5
197,bangladesh,Very High,High,High,0.1111573301569217,31.7,1.1187661556695148,0.8940224781948359,1.0155449068457054,1.1634679708250897,2016.0,0.3170389662426124,4,4,5
198,solomon islands,Very High,Very High,High,0.1075809049261942,29.98,1.4085946177733726,1.431266777973036,0.9615291139185932,1.5802602797231151,2016.0,0.2998096764499649,5,4,5
199,brunei darussalam,Very High,Low,Low,-0.1475374281990281,41.1,-0.5354189772933982,-1.042101875504109,-0.5502378906289684,0.0671229843759344,2016.0,0.4111990383652208,2,2,5
200,costa rica,Very High,Low,Low,-0.1475374281990281,42.61,-0.6625974367837475,-0.6777424195991705,-0.5090508485220452,-0.6709124084553525,2016.0,0.4263247520785335,2,2,5
201,cambodia,Very High,High,High,-0.1976073814292122,27.65,1.0737778570742895,0.8308172664562242,1.0479543826019733,1.0522684417712684,2016.0,0.276469998998297,4,4,5
202,el salvador,Very High,Medium,Medium,-0.2607908938387296,32.6,0.1471919379303145,-0.0717159776348343,0.2336663042257518,0.1997387190253063,2016.0,0.3260542922969047,3,3,5
203,mauritius,Very High,Low,Low,-0.3227822645046716,37.35,-0.5163854663492643,-0.9844735942130216,-0.6569190816600156,0.1997387190253063,2016.0,0.3736351798056696,2,2,5
204,nicaragua,Very High,High,High,-0.4312671631700699,27.23,0.531322795166472,0.4701757641829694,0.6333831718863846,0.3290596528138242,2016.0,0.2722628468396273,4,4,5
205,fiji,Very High,Medium,Medium,-0.6065119994757131,27.71,-0.0068064687994965,-0.4119087349338329,0.2275895275214515,0.0687703848063611,2016.0,0.2770710207352499,3,3,5
206,japan,Very High,Very Low,Low,-0.6255862673729261,45.91,-1.666182559292628,-1.003063362371437,-2.2470089859518905,-1.1297134283292665,2016.0,0.4593809476109385,1,2,5
207,chile,Very High,Low,Low,-0.7853332610120839,30.95,-0.8555280249901964,-0.8311080069060959,-0.85812791031351,-0.6602043056575769,2016.0,0.3095261945307022,2,2,5
208,netherlands,High,Very Low,Very Low,-1.1918535955714336,30.57,-1.7829791037225406,-1.2224226266407363,-2.0316210116550297,-1.5300317329230224,2016.0,0.305719723530001,1,1,4
209,south korea,Very High,Very Low,High,-0.399079336093523,30.82,-2.8756756638335026,1.6673568335849092,-2.682511316426735,-6.418940713156396,2016.0,0.3082239807673044,1,4,5
210,qatar,Very Low,Very Low,Very Low,-2.164641258329291,0.28,-1.675699314764695,-1.7596669264189362,-1.848642513114436,-0.9707392867930628,2016.0,0.0023039166583191,1,1,1
